,DATASET.Android,DATASET.Apache,DATASET.BGL,DATASET.Hadoop,DATASET.HDFS,DATASET.HealthApp,DATASET.HPC,DATASET.Linux,DATASET.Mac,DATASET.OpenSSH,DATASET.OpenStack,DATASET.Proxifier,DATASET.Spark,DATASET.Thunderbird,DATASET.Windows,DATASET.Zookeeper
F1_measure,0.9985202758890575,1.0,0.999764674187355,0.9999878859828708,1.0,0.9934337582078022,0.9922372978623106,0.9998076038146014,0.9858441826823724,0.9999744291303347,1.0,1.0,0.9999783365204907,0.9997706510828546,0.999965049955264,0.9998987803026469
Accuracy,0.968,1.0,0.958,0.995,1.0,0.9025,0.9075,0.9255,0.8955,0.9945,1.0,1.0,0.9965,0.967,0.9935,0.9905
