,HDFS,Hadoop,Spark,Zookeeper,BGL,HPC,Thunderbird,Windows,Linux,Andriod,HealthApp,Apache,Proxifier,OpenSSH,OpenStack,Mac
F1_measure,0.9999843025834023,0.9203809025734894,0.9910182216313443,0.9995492201047833,0.957342362693985,0.9907880637974762,0.9993226210789989,0.9999755352822005,0.9923711149469855,0.9922389970396175,0.899981128514814,1.0,0.7180788319552507,0.9896270652216035,0.9929652582783658,0.9697274778684256
Accuracy,0.9975,0.794,0.905,0.9635,0.8215,0.904,0.95,0.9895,0.679,0.922,0.6825,1.0,0.5265,0.803,0.245,0.816
