,DATASET.Android,DATASET.Apache,DATASET.BGL,DATASET.Hadoop,DATASET.HDFS,DATASET.HealthApp,DATASET.HPC,DATASET.Linux,DATASET.Mac,DATASET.OpenSSH,DATASET.OpenStack,DATASET.Proxifier,DATASET.Spark,DATASET.Thunderbird,DATASET.Windows,DATASET.Zookeeper
F1_measure,0.9961651555991179,1.0,0.9998360743540762,0.9999353872123217,0.9999823403716762,0.9934242250493603,0.9943792672248883,0.9925127436901633,0.7505500490142686,0.9999744291303347,1.0,0.7343915862590502,0.9918949805139625,0.9992369916009465,0.9999673798062361,0.9998803712173149
Accuracy,0.936,1.0,0.979,0.9915,0.9975,0.9005,0.939,0.74,0.852,0.9945,1.0,0.5035,0.9225,0.951,0.996,0.9945
Time,0.417679,0.310224,0.340954,0.361395,0.324406,0.311433,0.320315,0.351291,0.390586,0.33653,0.445964,0.374835,0.32406,0.366522,0.337591,0.328351
