,DATASET.Android,DATASET.Apache,DATASET.BGL,DATASET.Hadoop,DATASET.HDFS,DATASET.HealthApp,DATASET.HPC,DATASET.Linux,DATASET.Mac,DATASET.OpenSSH,DATASET.OpenStack,DATASET.Proxifier,DATASET.Spark,DATASET.Thunderbird,DATASET.Windows,DATASET.Zookeeper
F1_measure,0.9976756419509927,1.0,0.9996203381910574,0.9992647682606114,0.9999843025834023,0.9934051592813566,0.9985830859766881,0.992513720580477,0.9712974380052061,0.9989891211923261,0.9998809169395654,0.28692092695284777,0.9917335026620426,0.9997567550125843,0.9992852103739955,0.9995193999167574
Accuracy,0.941,1.0,0.9685,0.963,0.9975,0.898,0.966,0.741,0.803,0.925,0.985,0.0,0.9065,0.942,0.6925,0.9665
Time,0.376078,0.301819,0.333031,0.355292,0.370857,0.295273,0.289672,0.323258,0.356753,0.356832,0.427293,0.344215,0.321932,0.340927,0.333341,0.34095
