,DATASET.Android,DATASET.Apache,DATASET.BGL,DATASET.Hadoop,DATASET.HDFS,DATASET.HealthApp,DATASET.HPC,DATASET.Linux,DATASET.Mac,DATASET.OpenSSH,DATASET.OpenStack,DATASET.Proxifier,DATASET.Spark,DATASET.Thunderbird,DATASET.Windows,DATASET.Zookeeper
F1_measure,0.9976756419509927,1.0,0.9996203381910574,0.9992647682606114,0.9999843025834023,0.9934051592813566,0.9985830859766881,0.7940986588503625,0.9712974380052061,0.9983420854665898,0.9998809169395654,0.28692092695284777,0.9917335026620426,0.9997567550125843,0.9992852103739955,0.9995193999167574
Accuracy,0.941,1.0,0.9685,0.963,0.9975,0.898,0.966,0.2865,0.803,0.812,0.985,0.0,0.9065,0.942,0.6925,0.9665
Time,0.362947,0.28795,0.306159,0.33696,0.320669,0.272966,0.27123,0.310047,0.333303,0.340712,0.410598,0.314776,0.297141,0.318526,0.31113,0.290474
