,Android,Apache,BGL,Hadoop,HDFS,HealthApp,HPC,Linux,Mac,OpenSSH,OpenStack,Proxifier,Spark,Thunderbird,Windows,Zookeeper
F1_measure,0.9922389970396175,1.0,0.957342362693985,0.9203829081582624,0.9999843025834023,0.8999976410210709,0.992550022380803,0.9924902757436891,0.9682343736416587,0.9896270652216035,0.994108234166919,0.7309608740836446,0.9910182216313443,0.9993226210789989,0.9999755352822005,0.9995492201047833
Accuracy,0.922,1.0,0.8215,0.795,0.9975,0.686,0.898,0.739,0.804,0.803,0.764,0.5165,0.905,0.95,0.9895,0.9635
