,HDFS,Hadoop,Spark,Zookeeper,BGL,HPC,Thunderbird,Windows,Linux,Andriod,HealthApp,Apache,Proxifier,OpenSSH,OpenStack,Mac
F1_measure,0.9999823403716762,0.9990767471600379,0.9910182216313443,0.999758471330547,0.9758076030401536,0.992188240599115,0.9991832987576603,0.9992630751768096,0.9925156743668737,0.9470043810021179,0.9934242250493603,1.0,0.7863967359042474,0.9878189634495101,0.9098969316241544,0.9506008955910724
Accuracy,0.9975,0.9515,0.905,0.9885,0.773,0.8995,0.942,0.6865,0.743,0.747,0.9005,1.0,0.5165,0.8685,0.3095,0.668
