,HDFS,Hadoop,Spark,Zookeeper,BGL,HPC,Thunderbird,Windows,Linux,Andriod,HealthApp,Apache,Proxifier,OpenSSH,OpenStack,Mac
F1_measure,0.9324862697784313,0.9981112692917462,0.9796996031546693,0.9995355040470935,0.938908975818853,0.9921963866657102,0.9990859631762382,0.9945852621333349,0.9924355754316624,0.9882644578131141,0.6951075006297954,1.0,0.8014784281250579,0.9992261220317946,0.985725139645373,0.9245801115210324
Accuracy,0.842,0.931,0.8695,0.9665,0.6645,0.9,0.93,0.56,0.689,0.816,0.5155,1.0,0.0255,0.7885,0.7645,0.586
