,Android,Apache,BGL,Hadoop,HDFS,HealthApp,HPC,Linux,Mac,OpenSSH,OpenStack,Proxifier,Spark,Thunderbird,Windows,Zookeeper
F1_measure,0.9922328902018711,1.0,0.957342362693985,0.9203989531511154,0.9999843025834023,0.9057858041642596,0.992550022380803,0.965525709837924,0.9705015783935461,0.9896270652216035,0.9940696516530236,0.7309608740836446,0.9910201591854211,0.998196263262039,0.9999755352822005,0.9995492201047833
Accuracy,0.921,1.0,0.8215,0.798,0.9975,0.763,0.898,0.6795,0.7315,0.803,0.7535,0.5165,0.906,0.666,0.9895,0.9635
