,HDFS,Hadoop,Spark,Zookeeper,BGL,HPC,Thunderbird,Windows,Linux,Andriod,HealthApp,Apache,Proxifier,OpenSSH,OpenStack,Mac
F1_measure,0.8649045981696505,0.99297866594653,0.8394540794645703,0.9984495055645523,0.9611352257109808,0.8647474915524552,0.9993273462519892,0.9348842274935198,0.998968721859035,0.8891349603578864,0.7361594518993483,1.0,0.9864838162777165,0.8644392993499123,0.7253911685924905,0.9562446254236431
Accuracy,0.483,0.781,0.557,0.7925,0.6915,0.576,0.9435,0.4565,0.527,0.554,0.532,1.0,0.482,0.196,0.174,0.6935
