,Android,Apache,BGL,Hadoop,HDFS,HealthApp,HPC,Linux,Mac,OpenSSH,OpenStack,Proxifier,Spark,Thunderbird,Windows,Zookeeper
F1_measure,0.9950757041497771,1.0,0.9996219600640558,0.9982683511437148,0.9999823403716762,0.9183811834096821,0.9939737699869107,0.9924365521700748,0.9783430612422683,0.9992206763507211,0.992536394096149,0.7848561539020119,0.9917160641926874,0.99932854841305,0.999288710283899,0.9995355040470935
Accuracy,0.911,1.0,0.9695,0.9485,0.9975,0.78,0.932,0.69,0.8675,0.7875,0.7325,0.5165,0.905,0.955,0.693,0.9665
