,HDFS,Hadoop,Spark,Zookeeper,BGL,HPC,Thunderbird,Windows,Linux,Andriod,HealthApp,Apache,OpenSSH,Mac
F1_measure,0.9999823403716762,0.9981900926720925,0.9763665827645643,0.9994803450876515,0.9994954697727991,0.8112127764753693,0.9999175994639001,0.9946155388111082,0.9999157139868177,0.853964628612516,0.9073517657269329,1.0,0.970447315823551,0.974050871247133
Accuracy,0.9975,0.946,0.7675,0.9625,0.9495,0.682,0.959,0.569,0.9825,0.51,0.658,1.0,0.4865,0.7755
