,Android,Apache,BGL,Hadoop,HDFS,HealthApp,HPC,Linux,Mac,OpenSSH,OpenStack,Proxifier,Spark,Thunderbird,Windows,Zookeeper
F1_measure,0.9950879086510452,1.0,0.9996219600640558,0.9989913253984265,0.9999823403716762,0.9183811834096821,0.9939453671407196,0.9925508438374179,0.9768781083675071,0.9992206763507211,0.992536394096149,0.7848569709235285,0.9918756043483781,0.99932854841305,0.9999941751214778,0.9995193999167574
Accuracy,0.9125,1.0,0.9695,0.9485,0.9975,0.78,0.926,0.749,0.8575,0.7875,0.7325,0.5165,0.92,0.955,0.997,0.9665
