,HDFS,Hadoop,Spark,Zookeeper,BGL,HPC,Thunderbird,Windows,Linux,Andriod,HealthApp,Apache,Proxifier,OpenSSH,OpenStack,Mac
F1_measure,0.9999823403716762,0.9989167337404157,0.9918756043483781,0.9994803450876515,0.9995538256610276,0.8797497029432129,0.9993226210789989,0.9999743702657804,0.9923496299795308,0.8560741368838213,0.9181279315499202,1.0,0.7119910709261634,0.9989891211923261,0.9398897209208467,0.9777808734415268
Accuracy,0.9975,0.9445,0.92,0.9625,0.957,0.7395,0.95,0.9925,0.6725,0.4905,0.755,1.0,0.5035,0.925,0.2595,0.8555
