,DATASET.Android,DATASET.Apache,DATASET.BGL,DATASET.Hadoop,DATASET.HDFS,DATASET.HealthApp,DATASET.HPC,DATASET.Linux,DATASET.Mac,DATASET.OpenSSH,DATASET.OpenStack,DATASET.Proxifier,DATASET.Spark,DATASET.Thunderbird,DATASET.Windows,DATASET.Zookeeper
F1_measure,0.9971247140008076,1.0,0.9996203381910574,0.9992647682606114,0.9999843025834023,0.9934146920738802,0.9985830859766881,0.992513720580477,0.9647014709140801,0.9989891211923261,0.9998809169395654,0.7485410972053983,0.9918756043483781,0.9997567550125843,0.9999708749287892,0.9995193999167574
Accuracy,0.9395,1.0,0.9685,0.963,0.9975,0.8985,0.966,0.741,0.7035,0.925,0.985,0.0255,0.92,0.942,0.991,0.9665
