,Android,Apache,BGL,Hadoop,HDFS,HealthApp,HPC,Linux,Mac,OpenSSH,OpenStack,Proxifier,Spark,Thunderbird,Windows,Zookeeper
F1_measure,0.9962122140773249,1.0,0.999324844113647,0.998989310088138,0.9999823403716762,0.9183811834096821,0.9939737699869107,0.9655159116348407,0.981080986039315,0.9992206763507211,0.992536394096149,0.7848863829664209,0.9918775419308712,0.9982021435063373,0.9999965051054585,0.9995355040470935
Accuracy,0.918,1.0,0.9415,0.9475,0.9975,0.78,0.932,0.69,0.7995,0.7875,0.7325,0.5265,0.921,0.671,0.9975,0.9665
