,DATASET.Android,DATASET.Apache,DATASET.BGL,DATASET.Hadoop,DATASET.HDFS,DATASET.HealthApp,DATASET.HPC,DATASET.Linux,DATASET.Mac,DATASET.OpenSSH,DATASET.OpenStack,DATASET.Proxifier,DATASET.Spark,DATASET.Thunderbird,DATASET.Windows,DATASET.Zookeeper
F1_measure,0.9971247140008076,1.0,0.9927314035271465,0.9992647682606114,0.9999843025834023,0.9934146920738802,0.9917360028067371,0.992513720580477,0.9622740951053232,0.9989891211923261,0.687862060319111,0.268751107598726,0.9910375975130505,0.9991257386514917,0.9999708749287892,0.9995193999167574
Accuracy,0.9395,1.0,0.8535,0.963,0.9975,0.8985,0.881,0.741,0.695,0.925,0.256,0.001,0.9075,0.939,0.991,0.9665
