,HDFS,Hadoop,Spark,Zookeeper,BGL,HPC,Thunderbird,Windows,Linux,Andriod,HealthApp,Apache,Proxifier,OpenSSH,OpenStack,Mac
F1_measure,0.9999882269837533,0.9202317076891561,0.9910182216313443,0.9995492201047833,0.9571382892873639,0.9907880637974762,0.9988940491105733,0.9999755352822005,0.9511693584139662,0.9922389970396175,0.8999905641584803,1.0,0.8320437283059741,0.918039466093295,0.994108234166919,0.9649086450454184
Accuracy,0.9975,0.784,0.905,0.9635,0.805,0.904,0.9365,0.9895,0.6675,0.922,0.6845,1.0,0.5265,0.555,0.764,0.765
