,HDFS,Hadoop,Spark,Zookeeper,BGL,HPC,Thunderbird,Windows,Linux,Andriod,HealthApp,Apache,Proxifier,OpenSSH,OpenStack,Mac
F1_measure,0.9999823403716762,0.9989630532232099,0.9918756043483781,0.9995355040470935,0.9996041017653168,0.9939737699869107,0.9994010138064827,0.9999941751214778,1.0,0.9950570342205324,0.9249070554759382,1.0,0.7848863829664209,0.9897612936676489,0.7883766031822727,0.9820242972171211
Accuracy,0.9975,0.944,0.92,0.9665,0.965,0.932,0.965,0.997,1.0,0.9135,0.8775,1.0,0.5265,0.8025,0.267,0.8025
