,HDFS,Hadoop,Spark,Zookeeper,BGL,HPC,Thunderbird,Windows,Linux,Andriod,HealthApp,Apache,Proxifier,OpenSSH,OpenStack,Mac
F1_measure,1.0,0.9201974522987065,0.9910182216313443,0.9995492201047833,0.956942120940964,0.986062949437915,0.9949007288487038,0.9999743703254969,0.951168461215577,0.992196250753911,0.890360260140339,1.0,0.8320437283059741,0.918039466093295,0.9908268895886029,0.9588222157324217
Accuracy,1.0,0.7775,0.905,0.9635,0.79,0.654,0.863,0.9885,0.6665,0.9185,0.638,1.0,0.5265,0.555,0.248,0.6425
