,HDFS,Hadoop,Spark,Zookeeper,BGL,HPC,Thunderbird,Windows,Linux,Andriod,HealthApp,Apache,Proxifier,OpenSSH,OpenStack,Mac
F1_measure,0.9999843025834023,0.9990383644114023,0.9910182216313443,0.9995193999167574,0.9994160242933895,0.992188240599115,0.9991832987576603,0.9992630751768096,0.9924013907984099,0.955635793329861,0.9934242250493603,1.0,0.7851440248654419,0.9982368525173626,0.9098969316241544,0.9523709646409033
Accuracy,0.9975,0.9415,0.905,0.9665,0.956,0.8995,0.942,0.6865,0.684,0.861,0.9005,1.0,0.0255,0.718,0.3095,0.6775
