,HDFS,Hadoop,Spark,Zookeeper,BGL,HPC,Thunderbird,Windows,Linux,Andriod,HealthApp,Apache,Proxifier,OpenSSH,OpenStack,Mac
F1_measure,0.6765019801337402,0.9989206419658438,0.9183128939155442,0.9994871901006993,0.9983608181937809,0.9936147433445188,0.9982048821239079,0.9897740739999742,0.805943489853961,0.9915125403908294,0.9183717135366586,1.0,0.6915716801037902,0.9983113454533479,0.7434140129151929,0.9737081641226719
Accuracy,0.0585,0.9325,0.7325,0.9665,0.913,0.908,0.672,0.714,0.236,0.8885,0.778,1.0,0.034,0.7465,0.235,0.7695
