,HDFS,Hadoop,Spark,Zookeeper,BGL,HPC,Thunderbird,Windows,Linux,Andriod,HealthApp,Apache,Proxifier,OpenSSH,OpenStack,Mac
F1_measure,0.9999823403716762,0.9989630532232099,0.9918756043483781,0.9995009945615306,0.9988893940377996,0.9939737699869107,0.9982706342963351,0.9999801951361583,0.9925508438374179,0.9946620527168312,0.9183717135366586,1.0,0.7494402019424784,0.9999744291303347,0.9904546470621599,0.9737081641226719
Accuracy,0.9975,0.944,0.92,0.9665,0.921,0.932,0.6805,0.993,0.749,0.916,0.778,1.0,0.5265,0.9945,0.267,0.7695
