,HDFS,Hadoop,Spark,Zookeeper,BGL,HPC,Thunderbird,Windows,Linux,Android,HealthApp,Apache,Proxifier,OpenSSH,OpenStack,Mac
F1_measure,0.9999843025834023,0.998989310088138,0.9918756043483781,0.9995355040470935,0.9995992361148294,0.9906443678786542,0.99932854841305,0.9999941751214778,0.9924365521700748,0.9959131154070034,0.9183811834096821,1.0,0.7848863829664209,0.9992206763507211,0.992536394096149,0.9754512256914717
Accuracy,0.9975,0.9475,0.92,0.9665,0.9625,0.887,0.955,0.997,0.69,0.911,0.78,1.0,0.5265,0.7875,0.7325,0.7865
Time,0.348698,0.357592,0.366344,0.305094,0.310942,0.288764,0.343642,0.307637,0.31989,0.359101,0.29254,0.293366,0.343944,0.329774,0.366108,0.348284
