,HDFS_,Hadoop,Spark,Zookeeper,BGL,HPC,Thunderbird,Windows,Linux,Andriod,HealthApp,Apache,Proxifier,OpenSSH,OpenStack,Mac
F1_measure,0.9999823403716762,0.9989630532232099,0.9918756043483781,0.9994848893201919,0.9988357422265091,0.6555552509663093,0.9982696381156957,0.9897883407966201,0.9922492984788067,0.579521716895927,0.9183438298355018,1.0,0.7494402019424784,0.9999744291303347,0.7711097814226884,0.9508507630924478
Accuracy,0.9975,0.944,0.92,0.9635,0.913,0.381,0.6795,0.718,0.728,0.4165,0.7755,1.0,0.5265,0.9945,0.267,0.6745
