,HDFS,Hadoop,Spark,Zookeeper,BGL,HPC,Thunderbird,Windows,Linux,Android,HealthApp,Apache,Proxifier,OpenSSH,OpenStack,Mac
F1_measure,0.9999823403716762,0.998989310088138,0.9918756043483781,0.9995355040470935,0.9995992361148294,0.9939737699869107,0.99932854841305,0.9999941751214778,0.9924365521700748,0.9953748006379585,0.9183811834096821,1.0,0.7494402019424784,0.9992206763507211,0.9904546470621599,0.9812269291615399
Accuracy,0.9975,0.9475,0.92,0.9665,0.9625,0.932,0.955,0.997,0.69,0.918,0.78,1.0,0.5265,0.7875,0.267,0.803
