,Android,Apache,BGL,Hadoop,HDFS,HealthApp,HPC,Linux,Mac,OpenSSH,OpenStack,Proxifier,Spark,Thunderbird,Windows,Zookeeper
F1_measure,0.9490986028781758,1.0,0.9991097099989784,0.9963769063487625,1.0,0.9581096219873069,0.9783789519425594,0.9641178132475879,0.9571845493562231,0.9975877585130958,0.909057015631718,0.7863975508554076,0.9918756043483781,0.998711013628273,0.9946039893632429,0.9994619403259629
Accuracy,0.7115,1.0,0.939,0.954,1.0,0.8215,0.829,0.6715,0.6705,0.54,0.3305,0.5165,0.92,0.663,0.567,0.9615
Time,0.344115,0.273428,0.290707,0.326186,0.293458,0.263386,0.265136,0.297351,0.333937,0.305059,0.341592,0.306556,0.30791,0.305928,0.282065,0.28581
