,HDFS,Hadoop,Spark,Zookeeper,BGL,HPC,Thunderbird,Windows,Linux,Andriod,HealthApp,Apache,Proxifier,OpenSSH,OpenStack,Mac
F1_measure,1.0,0.9201994577677817,0.9910182216313443,0.9995492201047833,0.9564763891522853,0.9925785299572719,0.9943679773055041,0.9999603899492993,0.9516190677514242,0.9922389970396175,0.8999952820545081,1.0,0.7926234524188095,0.9180378945061868,0.7904648499015255,0.9637912116620513
Accuracy,1.0,0.7785,0.905,0.9635,0.768,0.904,0.5975,0.9845,0.668,0.922,0.685,1.0,0.5265,0.554,0.2985,0.701
