,HDFS,Hadoop,Spark,Zookeeper,BGL,HPC,Thunderbird,Windows,Linux,Andriod,HealthApp,Apache,Proxifier,OpenSSH,OpenStack,Mac
F1_measure,1.0,0.9200252850011987,0.9910182216313443,0.9998320599798932,0.9564763891522853,0.9888645991640121,0.994358128118828,0.9999603899492993,0.9516190677514242,0.9922328902018711,0.8904459825201384,1.0,0.7841964591446755,0.915021527010046,0.7897386359542676,0.9637408568443052
Accuracy,1.0,0.759,0.905,0.9855,0.768,0.7555,0.5965,0.9845,0.668,0.921,0.643,1.0,0.048,0.331,0.277,0.699
