,DATASET.Android,DATASET.Apache,DATASET.BGL,DATASET.Hadoop,DATASET.HDFS,DATASET.HealthApp,DATASET.HPC,DATASET.Linux,DATASET.Mac,DATASET.OpenSSH,DATASET.OpenStack,DATASET.Proxifier,DATASET.Spark,DATASET.Thunderbird,DATASET.Windows,DATASET.Zookeeper
F1_measure,0.996207874633193,1.0,0.9996202938341561,0.998652861861874,0.9999823403716762,0.9934242250493603,0.9903967467806682,0.9925567056581637,0.987482565632669,0.9905938312346749,1.0,0.7479595830836431,0.9918756043483781,0.9992379828302729,0.9999883501750968,0.999758471330547
Accuracy,0.9395,1.0,0.9725,0.96,0.9975,0.9005,0.921,0.7515,0.8355,0.938,1.0,0.5165,0.92,0.952,0.996,0.9885
Time,0.447174,0.319386,0.319131,0.345171,0.356659,0.317949,0.372954,0.35559,0.410688,0.361087,0.441386,1.260804,0.341466,0.382369,0.355372,0.327823
