,Android,Apache,BGL,Hadoop,HDFS,HealthApp,HPC,Linux,Mac,OpenSSH,OpenStack,Proxifier,Spark,Thunderbird,Windows,Zookeeper
F1_measure,0.9404111521124653,1.0,0.9995538256610276,0.9958686627045192,0.9999843025834023,0.8639688564266107,0.9922063548183789,0.9923496299795308,0.9621125529482956,0.9872122479230966,0.9860420922402556,0.7863358633559475,0.9910182216313443,0.9991296174489843,0.9992805654894948,0.9952911126969061
Accuracy,0.6815,1.0,0.758,0.538,0.9975,0.5675,0.903,0.6725,0.7635,0.538,0.7575,0.518,0.905,0.941,0.6895,0.921
