,Android,Apache,BGL,Hadoop,HDFS,HealthApp,HPC,Linux,Mac,OpenSSH,OpenStack,Proxifier,Spark,Thunderbird,Windows,Zookeeper
F1_measure,0.9959131154070034,1.0,0.9995992361148294,0.998989310088138,0.9999843025834023,0.9183811834096821,0.9906443678786542,0.9924365521700748,0.9754512256914717,0.9992206763507211,0.992536394096149,0.7848863829664209,0.9918756043483781,0.99932854841305,0.9999941751214778,0.9995355040470935
Accuracy,0.911,1.0,0.9625,0.9475,0.9975,0.78,0.887,0.69,0.7865,0.7875,0.7325,0.5265,0.92,0.955,0.997,0.9665
Time,0.365974,0.29118,0.305214,0.3163,0.308371,0.30111,0.2836,0.320484,0.356124,0.327545,0.373547,0.3402,0.326573,0.327698,0.297431,0.305535
