,size,time
0,1m,0.335899
1,5m,1.599643
2,10m,2.988729
3,25m,7.217463
4,50m,16.089778
