,size,time
0,1m,1.175288
1,5m,7.380156
2,10m,15.798224
3,25m,90.976474
4,50m,182.585279
5,75m,225.734402
6,100m,264.301726
