,size,time
0,1m,1.598531
1,5m,7.788677
2,10m,16.611887
3,25m,42.557064
4,50m,88.367867
5,75m,137.608304
6,100m,182.771608
