,size,time
0,1m,1.047316
1,5m,5.469716
2,10m,11.100353
3,25m,28.653806
4,50m,57.070225
5,75m,82.553381
6,100m,111.03612
