,size,time
0,1m,1.420601
1,5m,7.15548
2,10m,15.382699
3,25m,39.150778
4,50m,79.843009
5,75m,126.482256
6,100m,163.326271
