,size,time
0,1m,1.125412
1,5m,5.247015
2,10m,10.22519
3,25m,26.179234
4,50m,51.141837
5,75m,76.187833
6,100m,102.926492
