,size,time
0,1m,2.650539
1,5m,15.709161
2,10m,39.65337
3,25m,99.037365
4,50m,406.895613
