,size,time
0,1m,5.747881
1,5m,39.716211
2,10m,132.169357
3,25m,2320.401607
