,size,time
0,1m,1.105105
1,5m,5.564857
2,10m,11.322693
3,25m,28.354472
4,50m,58.904275
5,75m,88.470824
6,100m,121.150296
