,size,time
0,1m,1.666646
1,5m,8.204668
2,10m,17.983699
3,25m,46.989985
4,50m,97.256139
5,75m,153.576751
6,100m,209.244203
