,size,time
0,1m,3.229962
1,5m,16.825598
2,10m,38.064302
3,25m,92.644171
4,50m,186.561599
5,75m,285.540792
6,100m,381.494217
