,size,time
0,1m,1.079009
1,5m,6.019175
2,10m,12.131093
3,25m,29.9305
4,50m,58.101591
5,75m,84.814768
6,100m,118.76142
